{"zoomify_gui_category_behaviour":{"zoomify_gui_initialzoom_name":4,"zoomify_gui_zoomspeed_name":50,"zoomify_gui_zoomtransition_name":0,"zoomify_gui_zoomoppositetransitionout_name":true},"zoomify_gui_category_scrolling":{"zoomify_gui_scrollzoom_name":true,"zoomify_gui_maxscrollzoom_name":200,"zoomify_gui_scrollzoomtransition_name":1,"zoomify_gui_scrollzoomoppositetransitionout_name":true,"zoomify_gui_scrollzoomspeed_name":50},"zoomify_gui_category_controls":{"zoomify_gui_zoomkeybehaviour_name":0,"zoomify_gui_relativesensitivity_name":true,"zoomify_gui_relativesensitivitygradient_name":100,"zoomify_gui_cinematiccam_name":false}}